patient_id,age_group,age_group_confidence,disease_duration,disease_duration_confidence,therapy_history_sequence,num_therapy_lines,has_glp1_or_sglt2_ever,has_glp1_or_sglt2_ever_confidence,has_glp1_or_sglt2_discussed,steps_before_newer_therapy,current_therapies,is_on_newer_therapy,is_on_newer_therapy_confidence,adoption_status,adoption_status_confidence,primary_barrier,primary_barrier_confidence,all_barriers,provider_count,provider_types,initially_dismissed,initially_dismissed_confidence,completeness_score,is_partial_record,missing_fields
PT-001,18-39,HIGH,1-3 years,HIGH,METFORMIN -> SULFONYLUREA -> GLP1_RA -> INSULIN,4,True,HIGH,True,2.0,GLP1_RA; METFORMIN,True,HIGH,CURRENT_USER,HIGH,NONE_REPORTED,HIGH,NONE_REPORTED,2,URGENT_CARE_ER; PCP,False,HIGH,1.0,False,
PT-002,55-64,HIGH,4-7 years,HIGH,DPP4_INHIBITOR,1,False,HIGH,True,,DPP4_INHIBITOR,False,HIGH,DISCUSSED_NOT_USED,HIGH,FEAR_SIDE_EFFECTS,HIGH,FEAR_SIDE_EFFECTS; PHYSICIAN_INERTIA,1,PCP,False,HIGH,0.75,True,longitudinal_therapy_sequence
PT-003,40-54,HIGH,8+ years,HIGH,METFORMIN -> SULFONYLUREA -> SGLT2_INHIBITOR -> INSULIN,4,True,HIGH,True,2.0,SGLT2_INHIBITOR,True,HIGH,CURRENT_USER,HIGH,NONE_REPORTED,HIGH,NONE_REPORTED,1,PCP,False,HIGH,1.0,False,
PT-004,18-39,HIGH,1-3 years,HIGH,METFORMIN -> SGLT2_INHIBITOR,2,True,HIGH,True,1.0,METFORMIN,False,HIGH,FORMER_USER,HIGH,FEAR_INJECTIONS,HIGH,FEAR_INJECTIONS,4,URGENT_CARE_ER; PCP; ENDOCRINOLOGIST; DIABETES_EDUCATOR,False,HIGH,1.0,False,
PT-005,18-39,HIGH,1-3 years,HIGH,METFORMIN -> SULFONYLUREA -> GLP1_RA -> INSULIN,4,True,HIGH,True,2.0,METFORMIN; SULFONYLUREA,False,HIGH,FORMER_USER,HIGH,COST_INSURANCE,HIGH,COST_INSURANCE; FEAR_SIDE_EFFECTS; PHYSICIAN_INERTIA,4,URGENT_CARE_ER; PCP; ENDOCRINOLOGIST; DIABETES_EDUCATOR,True,HIGH,1.0,False,
PT-006,40-54,HIGH,1-3 years,HIGH,METFORMIN -> SGLT2_INHIBITOR -> GLP1_RA,3,True,HIGH,True,1.0,GLP1_RA; SGLT2_INHIBITOR; METFORMIN,True,HIGH,CURRENT_USER,HIGH,NONE_REPORTED,HIGH,NONE_REPORTED,2,URGENT_CARE_ER; DIABETES_EDUCATOR,False,HIGH,1.0,False,
PT-007,18-39,HIGH,1-3 years,HIGH,METFORMIN -> SULFONYLUREA -> INSULIN,3,False,HIGH,True,,METFORMIN; SULFONYLUREA,False,HIGH,DISCUSSED_NOT_USED,HIGH,COST_INSURANCE,HIGH,COST_INSURANCE; FEAR_SIDE_EFFECTS; PHYSICIAN_INERTIA,2,URGENT_CARE_ER; DIABETES_EDUCATOR,True,HIGH,1.0,False,
PT-008,40-54,HIGH,8+ years,HIGH,METFORMIN -> SGLT2_INHIBITOR -> GLP1_RA,3,True,HIGH,True,1.0,GLP1_RA; SGLT2_INHIBITOR; METFORMIN,True,HIGH,CURRENT_USER,HIGH,FEAR_SIDE_EFFECTS,HIGH,FEAR_SIDE_EFFECTS; NONE_REPORTED,1,URGENT_CARE_ER,False,HIGH,0.75,True,longitudinal_therapy_sequence
PT-009,40-54,HIGH,8+ years,HIGH,METFORMIN -> SGLT2_INHIBITOR,2,True,HIGH,True,1.0,SGLT2_INHIBITOR; METFORMIN,True,HIGH,CURRENT_USER,HIGH,FEAR_SIDE_EFFECTS,HIGH,FEAR_SIDE_EFFECTS,1,URGENT_CARE_ER,False,HIGH,0.75,True,longitudinal_therapy_sequence
PT-010,40-54,HIGH,8+ years,HIGH,METFORMIN -> DPP4_INHIBITOR -> INSULIN,3,False,HIGH,False,,INSULIN,False,HIGH,NEVER_DISCUSSED,HIGH,PHYSICIAN_INERTIA,MEDIUM,PHYSICIAN_INERTIA; PATIENT_PREFERENCE,3,PCP; ENDOCRINOLOGIST; DIABETES_EDUCATOR,True,HIGH,1.0,False,
PT-011,40-54,HIGH,<1 year,HIGH,METFORMIN -> SGLT2_INHIBITOR,2,True,HIGH,True,1.0,SGLT2_INHIBITOR; METFORMIN,True,HIGH,CURRENT_USER,HIGH,FEAR_SIDE_EFFECTS,HIGH,FEAR_SIDE_EFFECTS,4,URGENT_CARE_ER; PCP; ENDOCRINOLOGIST; DIABETES_EDUCATOR,False,HIGH,1.0,False,
PT-012,55-64,HIGH,1-3 years,HIGH,METFORMIN,1,False,HIGH,False,,METFORMIN,False,HIGH,NEVER_DISCUSSED,HIGH,COST_INSURANCE,HIGH,COST_INSURANCE; PATIENT_PREFERENCE,4,URGENT_CARE_ER; PCP; ENDOCRINOLOGIST; DIABETES_EDUCATOR,False,HIGH,1.0,False,
PT-013,65+,HIGH,8+ years,HIGH,METFORMIN -> SULFONYLUREA -> GLP1_RA -> INSULIN,4,True,HIGH,True,2.0,GLP1_RA; METFORMIN,True,HIGH,CURRENT_USER,HIGH,FEAR_SIDE_EFFECTS,HIGH,FEAR_SIDE_EFFECTS,4,URGENT_CARE_ER; PCP; ENDOCRINOLOGIST; CARDIOLOGIST,False,HIGH,1.0,False,
PT-014,55-64,HIGH,<1 year,HIGH,METFORMIN -> SGLT2_INHIBITOR,2,True,HIGH,True,1.0,SGLT2_INHIBITOR; METFORMIN,True,HIGH,CURRENT_USER,HIGH,NONE_REPORTED,HIGH,NONE_REPORTED,2,URGENT_CARE_ER; ENDOCRINOLOGIST,False,HIGH,1.0,False,
PT-015,65+,HIGH,4-7 years,HIGH,METFORMIN -> SGLT2_INHIBITOR,2,True,HIGH,True,1.0,SGLT2_INHIBITOR; METFORMIN,True,HIGH,CURRENT_USER,HIGH,FEAR_SIDE_EFFECTS,HIGH,FEAR_SIDE_EFFECTS; PHYSICIAN_INERTIA,1,URGENT_CARE_ER,True,HIGH,0.75,True,longitudinal_therapy_sequence
PT-016,55-64,HIGH,1-3 years,HIGH,METFORMIN,1,False,HIGH,True,,METFORMIN,False,HIGH,DISCUSSED_NOT_USED,HIGH,FEAR_SIDE_EFFECTS,HIGH,FEAR_SIDE_EFFECTS; PHYSICIAN_INERTIA,1,URGENT_CARE_ER,False,HIGH,0.75,True,longitudinal_therapy_sequence
PT-017,55-64,HIGH,4-7 years,HIGH,METFORMIN -> SGLT2_INHIBITOR -> GLP1_RA,3,True,HIGH,True,1.0,GLP1_RA; SGLT2_INHIBITOR; METFORMIN,True,HIGH,CURRENT_USER,HIGH,FEAR_SIDE_EFFECTS,HIGH,FEAR_SIDE_EFFECTS,4,URGENT_CARE_ER; PCP; ENDOCRINOLOGIST; CARDIOLOGIST,False,HIGH,1.0,False,
PT-018,40-54,HIGH,4-7 years,HIGH,METFORMIN -> SGLT2_INHIBITOR -> GLP1_RA,3,True,HIGH,True,1.0,GLP1_RA; SGLT2_INHIBITOR; METFORMIN,True,HIGH,CURRENT_USER,HIGH,FEAR_SIDE_EFFECTS,HIGH,FEAR_SIDE_EFFECTS; PHYSICIAN_INERTIA; NONE_REPORTED,1,URGENT_CARE_ER,True,HIGH,0.75,True,longitudinal_therapy_sequence
PT-019,18-39,HIGH,1-3 years,HIGH,METFORMIN -> SULFONYLUREA -> INSULIN,3,False,HIGH,True,,METFORMIN; SULFONYLUREA,False,HIGH,DISCUSSED_NOT_USED,HIGH,PHYSICIAN_INERTIA,HIGH,PHYSICIAN_INERTIA,2,URGENT_CARE_ER; PCP,False,HIGH,1.0,False,
PT-020,65+,HIGH,8+ years,HIGH,METFORMIN -> SULFONYLUREA -> SGLT2_INHIBITOR -> INSULIN,4,True,HIGH,True,2.0,SGLT2_INHIBITOR; METFORMIN,True,HIGH,CURRENT_USER,HIGH,PHYSICIAN_INERTIA,MEDIUM,PHYSICIAN_INERTIA; NONE_REPORTED,2,URGENT_CARE_ER; PCP,True,HIGH,1.0,False,
PT-021,65+,HIGH,1-3 years,HIGH,METFORMIN -> DPP4_INHIBITOR,2,False,HIGH,False,,DPP4_INHIBITOR,False,HIGH,NEVER_DISCUSSED,HIGH,PHYSICIAN_INERTIA,MEDIUM,PHYSICIAN_INERTIA; PATIENT_PREFERENCE,4,URGENT_CARE_ER; PCP; ENDOCRINOLOGIST; CARDIOLOGIST,True,HIGH,1.0,False,
PT-022,40-54,HIGH,<1 year,HIGH,METFORMIN,1,False,HIGH,True,,METFORMIN,False,HIGH,DISCUSSED_NOT_USED,HIGH,PHYSICIAN_INERTIA,HIGH,PHYSICIAN_INERTIA,2,URGENT_CARE_ER; PCP,False,HIGH,1.0,False,
PT-023,65+,HIGH,4-7 years,HIGH,METFORMIN -> SGLT2_INHIBITOR,2,True,HIGH,True,1.0,SGLT2_INHIBITOR; METFORMIN,True,HIGH,CURRENT_USER,HIGH,PHYSICIAN_INERTIA,MEDIUM,PHYSICIAN_INERTIA; NONE_REPORTED,2,URGENT_CARE_ER; DIABETES_EDUCATOR,True,HIGH,1.0,False,
PT-024,40-54,HIGH,4-7 years,HIGH,METFORMIN -> SULFONYLUREA -> SGLT2_INHIBITOR -> INSULIN,4,True,HIGH,True,2.0,SGLT2_INHIBITOR; METFORMIN,True,HIGH,CURRENT_USER,HIGH,FEAR_SIDE_EFFECTS,HIGH,FEAR_SIDE_EFFECTS; PHYSICIAN_INERTIA,4,URGENT_CARE_ER; PCP; ENDOCRINOLOGIST; DIABETES_EDUCATOR,True,HIGH,1.0,False,
PT-025,18-39,HIGH,1-3 years,HIGH,METFORMIN -> DPP4_INHIBITOR -> GLP1_RA,3,True,HIGH,True,2.0,GLP1_RA; METFORMIN,True,HIGH,CURRENT_USER,HIGH,FEAR_INJECTIONS,HIGH,FEAR_INJECTIONS; FEAR_SIDE_EFFECTS; PHYSICIAN_INERTIA; NONE_REPORTED,2,URGENT_CARE_ER; PCP,True,HIGH,1.0,False,
PT-026,55-64,HIGH,<1 year,HIGH,METFORMIN -> SULFONYLUREA -> INSULIN,3,False,HIGH,True,,METFORMIN; SULFONYLUREA,False,HIGH,DISCUSSED_NOT_USED,HIGH,PHYSICIAN_INERTIA,HIGH,PHYSICIAN_INERTIA,4,URGENT_CARE_ER; PCP; ENDOCRINOLOGIST; CARDIOLOGIST,False,HIGH,1.0,False,
PT-027,40-54,HIGH,8+ years,HIGH,METFORMIN -> SGLT2_INHIBITOR -> GLP1_RA -> INSULIN,4,True,HIGH,True,1.0,GLP1_RA; SGLT2_INHIBITOR; METFORMIN,True,HIGH,CURRENT_USER,HIGH,FEAR_INJECTIONS,HIGH,FEAR_INJECTIONS; FEAR_SIDE_EFFECTS; NONE_REPORTED,2,URGENT_CARE_ER; PCP,False,HIGH,1.0,False,
PT-028,40-54,HIGH,8+ years,HIGH,METFORMIN -> SGLT2_INHIBITOR -> GLP1_RA -> INSULIN,4,True,HIGH,True,1.0,GLP1_RA; SGLT2_INHIBITOR; METFORMIN,True,HIGH,CURRENT_USER,HIGH,NONE_REPORTED,HIGH,NONE_REPORTED,2,URGENT_CARE_ER; DIABETES_EDUCATOR,False,HIGH,1.0,False,
PT-029,18-39,HIGH,8+ years,HIGH,METFORMIN -> SGLT2_INHIBITOR,2,True,HIGH,True,1.0,METFORMIN,False,HIGH,FORMER_USER,HIGH,COST_INSURANCE,HIGH,COST_INSURANCE; FEAR_SIDE_EFFECTS; PHYSICIAN_INERTIA,2,URGENT_CARE_ER; DIABETES_EDUCATOR,True,HIGH,1.0,False,
PT-030,55-64,HIGH,4-7 years,HIGH,METFORMIN -> SULFONYLUREA -> INSULIN,3,False,HIGH,False,,SULFONYLUREA,False,HIGH,NEVER_DISCUSSED,HIGH,FEAR_INJECTIONS,HIGH,FEAR_INJECTIONS; FEAR_SIDE_EFFECTS,3,PCP; ENDOCRINOLOGIST; DIABETES_EDUCATOR,False,HIGH,1.0,False,
PT-031,40-54,HIGH,<1 year,HIGH,METFORMIN -> SULFONYLUREA -> INSULIN,3,False,HIGH,True,,METFORMIN; SULFONYLUREA,False,HIGH,DISCUSSED_NOT_USED,HIGH,PHYSICIAN_INERTIA,HIGH,PHYSICIAN_INERTIA,2,URGENT_CARE_ER; PCP,False,HIGH,1.0,False,
PT-032,65+,HIGH,4-7 years,HIGH,METFORMIN -> SGLT2_INHIBITOR -> GLP1_RA -> INSULIN,4,True,HIGH,True,1.0,METFORMIN; INSULIN,False,HIGH,FORMER_USER,HIGH,FEAR_SIDE_EFFECTS,HIGH,FEAR_SIDE_EFFECTS; PHYSICIAN_INERTIA,2,URGENT_CARE_ER; DIABETES_EDUCATOR,True,HIGH,1.0,False,
PT-033,18-39,HIGH,8+ years,HIGH,METFORMIN -> SGLT2_INHIBITOR -> INSULIN,3,True,HIGH,True,1.0,SGLT2_INHIBITOR,True,HIGH,CURRENT_USER,HIGH,COST_INSURANCE,HIGH,COST_INSURANCE; PHYSICIAN_INERTIA,4,URGENT_CARE_ER; PCP; ENDOCRINOLOGIST; CARDIOLOGIST,True,HIGH,1.0,False,
PT-034,18-39,HIGH,8+ years,HIGH,METFORMIN -> SULFONYLUREA -> GLP1_RA -> INSULIN,4,True,HIGH,True,2.0,GLP1_RA; METFORMIN,True,HIGH,CURRENT_USER,HIGH,COST_INSURANCE,HIGH,COST_INSURANCE,4,URGENT_CARE_ER; PCP; ENDOCRINOLOGIST; DIABETES_EDUCATOR,False,HIGH,1.0,False,
PT-035,40-54,HIGH,8+ years,HIGH,METFORMIN -> DPP4_INHIBITOR -> GLP1_RA -> INSULIN,4,True,HIGH,True,2.0,GLP1_RA,True,HIGH,CURRENT_USER,HIGH,FEAR_INJECTIONS,HIGH,FEAR_INJECTIONS; PHYSICIAN_INERTIA,1,PCP,True,HIGH,1.0,False,
PT-036,18-39,HIGH,8+ years,HIGH,METFORMIN -> SGLT2_INHIBITOR -> GLP1_RA -> INSULIN,4,True,HIGH,True,1.0,METFORMIN; INSULIN,False,HIGH,FORMER_USER,HIGH,COST_INSURANCE,HIGH,COST_INSURANCE; FEAR_SIDE_EFFECTS; PHYSICIAN_INERTIA,4,URGENT_CARE_ER; PCP; ENDOCRINOLOGIST; CARDIOLOGIST,True,HIGH,1.0,False,
PT-037,55-64,HIGH,8+ years,HIGH,METFORMIN -> SGLT2_INHIBITOR -> GLP1_RA -> INSULIN,4,True,HIGH,True,1.0,GLP1_RA; SGLT2_INHIBITOR; METFORMIN,True,HIGH,CURRENT_USER,HIGH,NONE_REPORTED,HIGH,NONE_REPORTED,4,URGENT_CARE_ER; PCP; ENDOCRINOLOGIST; DIABETES_EDUCATOR,False,HIGH,1.0,False,
PT-038,65+,HIGH,4-7 years,HIGH,METFORMIN -> SGLT2_INHIBITOR,2,True,HIGH,True,1.0,SGLT2_INHIBITOR; METFORMIN,True,HIGH,CURRENT_USER,HIGH,NONE_REPORTED,HIGH,NONE_REPORTED,2,URGENT_CARE_ER; ENDOCRINOLOGIST,False,HIGH,1.0,False,
PT-039,18-39,HIGH,8+ years,HIGH,METFORMIN -> SGLT2_INHIBITOR -> GLP1_RA -> INSULIN,4,True,HIGH,True,1.0,METFORMIN; INSULIN,False,HIGH,FORMER_USER,HIGH,COST_INSURANCE,HIGH,COST_INSURANCE; FEAR_SIDE_EFFECTS,4,URGENT_CARE_ER; PCP; ENDOCRINOLOGIST; CARDIOLOGIST,False,HIGH,1.0,False,
PT-040,55-64,HIGH,4-7 years,HIGH,METFORMIN -> SGLT2_INHIBITOR -> GLP1_RA,3,True,HIGH,True,1.0,GLP1_RA; SGLT2_INHIBITOR,True,HIGH,CURRENT_USER,HIGH,NONE_REPORTED,HIGH,NONE_REPORTED,1,ENDOCRINOLOGIST,False,HIGH,1.0,False,
PT-041,55-64,HIGH,1-3 years,HIGH,METFORMIN,1,False,HIGH,True,,METFORMIN,False,HIGH,DISCUSSED_NOT_USED,HIGH,FEAR_SIDE_EFFECTS,HIGH,FEAR_SIDE_EFFECTS; PHYSICIAN_INERTIA,1,URGENT_CARE_ER,True,HIGH,0.75,True,longitudinal_therapy_sequence
PT-042,65+,HIGH,4-7 years,HIGH,METFORMIN -> DPP4_INHIBITOR,2,False,HIGH,False,,DPP4_INHIBITOR,False,HIGH,NEVER_DISCUSSED,HIGH,FEAR_INJECTIONS,HIGH,FEAR_INJECTIONS; FEAR_SIDE_EFFECTS,4,URGENT_CARE_ER; PCP; ENDOCRINOLOGIST; CARDIOLOGIST,False,HIGH,1.0,False,
PT-043,18-39,HIGH,1-3 years,HIGH,METFORMIN -> DPP4_INHIBITOR,2,False,HIGH,False,,DPP4_INHIBITOR,False,HIGH,NEVER_DISCUSSED,HIGH,FEAR_SIDE_EFFECTS,HIGH,FEAR_SIDE_EFFECTS; PATIENT_PREFERENCE,1,ENDOCRINOLOGIST,False,HIGH,1.0,False,
PT-044,55-64,HIGH,8+ years,HIGH,METFORMIN -> DPP4_INHIBITOR -> SGLT2_INHIBITOR -> INSULIN,4,True,HIGH,True,2.0,SGLT2_INHIBITOR; METFORMIN,True,HIGH,CURRENT_USER,HIGH,NONE_REPORTED,HIGH,NONE_REPORTED,4,URGENT_CARE_ER; PCP; ENDOCRINOLOGIST; CARDIOLOGIST,False,HIGH,1.0,False,
PT-045,65+,HIGH,4-7 years,HIGH,METFORMIN -> SGLT2_INHIBITOR,2,True,HIGH,True,1.0,SGLT2_INHIBITOR,True,HIGH,CURRENT_USER,HIGH,NONE_REPORTED,HIGH,NONE_REPORTED,1,DIABETES_EDUCATOR,False,HIGH,1.0,False,
PT-046,40-54,HIGH,1-3 years,HIGH,METFORMIN -> SGLT2_INHIBITOR,2,True,HIGH,True,1.0,SGLT2_INHIBITOR; METFORMIN,True,HIGH,CURRENT_USER,HIGH,PHYSICIAN_INERTIA,MEDIUM,PHYSICIAN_INERTIA; NONE_REPORTED,2,URGENT_CARE_ER; ENDOCRINOLOGIST,True,HIGH,1.0,False,
PT-047,40-54,HIGH,4-7 years,HIGH,METFORMIN -> SULFONYLUREA -> INSULIN,3,False,HIGH,True,,METFORMIN; SULFONYLUREA,False,HIGH,DISCUSSED_NOT_USED,HIGH,PHYSICIAN_INERTIA,HIGH,PHYSICIAN_INERTIA,4,URGENT_CARE_ER; PCP; ENDOCRINOLOGIST; CARDIOLOGIST,False,HIGH,1.0,False,
PT-048,40-54,HIGH,1-3 years,HIGH,METFORMIN -> SGLT2_INHIBITOR,2,True,HIGH,True,1.0,SGLT2_INHIBITOR; METFORMIN,True,HIGH,CURRENT_USER,HIGH,FEAR_SIDE_EFFECTS,HIGH,FEAR_SIDE_EFFECTS; PHYSICIAN_INERTIA; NONE_REPORTED,1,URGENT_CARE_ER,True,HIGH,0.75,True,longitudinal_therapy_sequence
PT-049,40-54,HIGH,1-3 years,HIGH,METFORMIN -> SGLT2_INHIBITOR,2,True,HIGH,True,1.0,SGLT2_INHIBITOR,True,HIGH,CURRENT_USER,HIGH,NONE_REPORTED,HIGH,NONE_REPORTED,1,PCP,False,HIGH,1.0,False,
PT-050,55-64,HIGH,<1 year,HIGH,METFORMIN -> SULFONYLUREA -> INSULIN,3,False,HIGH,False,,METFORMIN; SULFONYLUREA,False,HIGH,NEVER_DISCUSSED,HIGH,PATIENT_PREFERENCE,HIGH,PATIENT_PREFERENCE,4,URGENT_CARE_ER; PCP; ENDOCRINOLOGIST; CARDIOLOGIST,False,HIGH,1.0,False,
PT-051,40-54,HIGH,8+ years,HIGH,METFORMIN -> DPP4_INHIBITOR -> SGLT2_INHIBITOR -> GLP1_RA,4,True,HIGH,True,2.0,GLP1_RA; SGLT2_INHIBITOR; METFORMIN,True,HIGH,CURRENT_USER,HIGH,PHYSICIAN_INERTIA,MEDIUM,PHYSICIAN_INERTIA; NONE_REPORTED,4,URGENT_CARE_ER; PCP; ENDOCRINOLOGIST; DIABETES_EDUCATOR,True,HIGH,1.0,False,
PT-052,55-64,HIGH,4-7 years,HIGH,METFORMIN -> SULFONYLUREA -> INSULIN,3,False,HIGH,False,,METFORMIN; SULFONYLUREA,False,HIGH,NEVER_DISCUSSED,HIGH,FEAR_INJECTIONS,HIGH,FEAR_INJECTIONS; FEAR_SIDE_EFFECTS,2,URGENT_CARE_ER; PCP,False,HIGH,1.0,False,
PT-053,40-54,HIGH,1-3 years,HIGH,METFORMIN -> SULFONYLUREA -> INSULIN,3,False,HIGH,True,,SULFONYLUREA,False,HIGH,DISCUSSED_NOT_USED,HIGH,COST_INSURANCE,HIGH,COST_INSURANCE; PHYSICIAN_INERTIA,1,DIABETES_EDUCATOR,True,HIGH,1.0,False,
PT-054,65+,HIGH,4-7 years,HIGH,METFORMIN -> DPP4_INHIBITOR -> INSULIN,3,False,HIGH,False,,INSULIN,False,HIGH,NEVER_DISCUSSED,HIGH,FEAR_INJECTIONS,HIGH,FEAR_INJECTIONS; FEAR_SIDE_EFFECTS,1,PCP,False,HIGH,1.0,False,
PT-055,55-64,HIGH,1-3 years,HIGH,METFORMIN -> SGLT2_INHIBITOR,2,True,HIGH,True,1.0,SGLT2_INHIBITOR; METFORMIN,True,HIGH,CURRENT_USER,HIGH,FEAR_INJECTIONS,HIGH,FEAR_INJECTIONS; PHYSICIAN_INERTIA,4,URGENT_CARE_ER; PCP; ENDOCRINOLOGIST; CARDIOLOGIST,True,HIGH,1.0,False,
PT-056,55-64,HIGH,8+ years,HIGH,METFORMIN -> SULFONYLUREA -> SGLT2_INHIBITOR -> GLP1_RA -> INSULIN,5,True,HIGH,True,2.0,GLP1_RA; SGLT2_INHIBITOR; METFORMIN,True,HIGH,CURRENT_USER,HIGH,NONE_REPORTED,HIGH,NONE_REPORTED,4,URGENT_CARE_ER; PCP; ENDOCRINOLOGIST; CARDIOLOGIST,False,HIGH,1.0,False,
PT-057,55-64,HIGH,1-3 years,HIGH,METFORMIN,1,False,HIGH,True,,METFORMIN,False,HIGH,DISCUSSED_NOT_USED,HIGH,FEAR_SIDE_EFFECTS,HIGH,FEAR_SIDE_EFFECTS; PHYSICIAN_INERTIA,1,URGENT_CARE_ER,False,HIGH,0.75,True,longitudinal_therapy_sequence
PT-058,55-64,HIGH,4-7 years,HIGH,METFORMIN -> DPP4_INHIBITOR -> SGLT2_INHIBITOR -> GLP1_RA,4,True,HIGH,True,2.0,METFORMIN; DPP4_INHIBITOR,False,HIGH,FORMER_USER,HIGH,FEAR_SIDE_EFFECTS,HIGH,FEAR_SIDE_EFFECTS,4,URGENT_CARE_ER; PCP; ENDOCRINOLOGIST; DIABETES_EDUCATOR,False,HIGH,1.0,False,
PT-059,40-54,HIGH,4-7 years,HIGH,METFORMIN -> SGLT2_INHIBITOR -> GLP1_RA,3,True,HIGH,True,1.0,GLP1_RA; SGLT2_INHIBITOR; METFORMIN,True,HIGH,CURRENT_USER,HIGH,FEAR_INJECTIONS,HIGH,FEAR_INJECTIONS; FEAR_SIDE_EFFECTS,4,URGENT_CARE_ER; PCP; ENDOCRINOLOGIST; CARDIOLOGIST,False,HIGH,1.0,False,
PT-060,55-64,HIGH,4-7 years,HIGH,METFORMIN -> DPP4_INHIBITOR -> GLP1_RA,3,True,HIGH,True,2.0,GLP1_RA; METFORMIN,True,HIGH,CURRENT_USER,HIGH,NONE_REPORTED,HIGH,NONE_REPORTED,4,URGENT_CARE_ER; PCP; ENDOCRINOLOGIST; DIABETES_EDUCATOR,False,HIGH,1.0,False,
